,chain,symbol,2023-09-29_2023-10-13_abs,2023-09-29_2023-10-13_pct,2023-10-13_2023-10-27_abs,2023-10-13_2023-10-27_pct,2023-10-27_2023-11-10_abs,2023-10-27_2023-11-10_pct,2023-11-10_2023-11-23_abs,2023-11-10_2023-11-23_pct,2023-11-23_2023-12-07_abs,2023-11-23_2023-12-07_pct,2023-12-07_2023-12-21_abs,2023-12-07_2023-12-21_pct,2023-12-21_2024-01-04_abs,2023-12-21_2024-01-04_pct,2024-01-04_2024-01-18_abs,2024-01-04_2024-01-18_pct,2024-01-18_2024-02-01_abs,2024-01-18_2024-02-01_pct,2024-02-01_2024-02-15_abs,2024-02-01_2024-02-15_pct,2024-02-15_2024-02-29_abs,2024-02-15_2024-02-29_pct,2024-02-29_2024-03-14_abs,2024-02-29_2024-03-14_pct,2024-03-14_2024-03-28_abs,2024-03-14_2024-03-28_pct,2024-03-28_2024-04-11_abs,2024-03-28_2024-04-11_pct,2024-04-11_2024-04-25_abs,2024-04-11_2024-04-25_pct,2024-04-25_2024-05-09_abs,2024-04-25_2024-05-09_pct,2024-05-09_2024-05-23_abs,2024-05-09_2024-05-23_pct,2024-05-23_2024-06-06_abs,2024-05-23_2024-06-06_pct,2024-06-06_2024-06-20_abs,2024-06-06_2024-06-20_pct,2024-06-20_2024-07-04_abs,2024-06-20_2024-07-04_pct,2024-07-18_2024-08-01_abs,2024-07-18_2024-08-01_pct
0x05ff47afada98a98982113758878f9a8b9fdda0a000000000000000000000645,mainnet,weETH/rETH,0.0,0.0,0.0,0.0,0.0,0.0,0.0,0.0,0.0,0.0,0.0,0.0,1421.8047000000001,122.43321650922682,528.7111999999997,6.000015887732738,-231.95790000000125,-2.5813828484943047,1317.2397999999957,3.5921142766138816,5179.926800000001,6.16472937110184,33868.1609,45.07752024239634,5644.968599999993,6.936187822935394,509.98649999999907,0.3709462682472202,10031.083399999974,7.130467635651538,4183.504799999995,4.3904693657925264,2217.8473999999987,2.044827114244781,4542.248200000002,4.812399238083087,1311.0372999999963,1.3477705989875173,974.6107999999949,0.9538648929300823,-1683.9497999999985,-8.226936027969048
0x09b03b7cbb19b3dae94f884cf60dbc3c99a3947b00000000000000000000066c,mainnet,pyUSD/sDOLA BSP,0.0,0.0,0.0,0.0,0.0,0.0,0.0,0.0,0.0,0.0,0.0,0.0,0.0,0.0,0.0,0.0,0.0,0.0,0.0,0.0,0.0,0.0,0.0,0.0,-11.77,-100.0,-411.17,-100.0,-882.3699999999999,-100.0,-920.6714,-100.0,-654.1188,-100.0,-1041.3237,-100.0,-2765.4806,-100.0,0.0,0.0,0.0,0.0
0x0c659734f1eef9c63b7ebdf78a164cdd745586db000000000000000000000046,base,USDC/USDbC/axlUSDC,4077.7237000000005,479.3881684908478,2347.6351,450.90465763948913,7168.442000000001,242.68460056672572,3907.8317000000006,707.2870536279888,1797.6223999999997,502.70488548337465,-360.04999999999995,-100.0,-242.88,-100.0,-120.22999999999999,-100.0,-137.72,-100.0,-135.48000000000002,-100.0,-183.72,-100.0,-254.78000000000003,-100.0,-325.39000000000004,-100.0,-494.31,-100.0,5.932400000000143,0.2840018000249008,-804.4801,-100.0,-578.0977,-100.0,-485.4042999999999,-100.0,-202.94279999999998,-100.0,-145.6897,-100.0,-92.7066,-100.0
0x0c8972437a38b389ec83d1e666b69b8a4fcf8bfd00000000000000000000049e,arbitrum,wstETH/rETH/sfrxETH,-0.060000000000000005,-100.0,-0.06999999999999999,-100.0,-0.05,-100.0,-0.04,-100.0,0.0,0.0,-129.73,-100.0,-4329.99,-100.0,-8748.08,-100.0,-13082.7,-100.0,-10368.539999999999,-100.0,-6884.44,-100.0,-2773.5699999999997,-100.0,-899.1400000000001,-100.0,0.0,0.0,0.0,0.0,0.0,0.0,0.0,0.0,0.0,0.0,0.0,0.0,0.0,0.0,0.0,0.0
0x125bc5a031b2db6733bfa35d914ffa428095978b000200000000000000000514,arbitrum,ECLP-AUSDC-AUSDT,0.0,0.0,0.0,0.0,0.0,0.0,0.0,0.0,0.0,0.0,0.0,0.0,0.0,0.0,0.0,0.0,0.0,0.0,0.0,0.0,0.0,0.0,0.0,0.0,0.0,0.0,0.0,0.0,0.0,0.0,-221.026,-100.0,-611.2015,-100.0,-103.17179999999999,-100.0,-789.7266,-100.0,-834.5751,-100.0,-1205.4923,-100.0
0x127ecc2318d002664cc4515c9f2b22b09b6aea85000200000000000000000602,mainnet,ECLP-swETH-wstETH,0.0,0.0,0.0,0.0,0.0,0.0,0.0,0.0,0.0,0.0,0.0,0.0,0.0,0.0,0.0,0.0,0.0,0.0,0.0,0.0,0.0,0.0,0.0,0.0,0.0,0.0,0.0,0.0,0.0,0.0,0.0,0.0,0.0,0.0,0.0,0.0,0.0,0.0,0.0,0.0,0.0,0.0
0x14abd18d1fa335e9f630a658a2799b33208763fa00020000000000000000051f,arbitrum,2CLP-AUSDT-USDT,0.0,0.0,0.0,0.0,0.0,0.0,0.0,0.0,0.0,0.0,0.0,0.0,0.0,0.0,0.0,0.0,0.0,0.0,0.0,0.0,0.0,0.0,0.0,0.0,0.0,0.0,0.0,0.0,0.0,0.0,0.0,0.0,0.0,0.0,0.0,0.0,0.0,0.0,0.0,0.0,0.0,0.0
0x1cce5169bde03f3d5ad0206f6bd057953539dae600020000000000000000062b,mainnet,ECLP-GYD-sDAI,0.0,0.0,0.0,0.0,0.0,0.0,0.0,0.0,0.0,0.0,0.0,0.0,2916.7551999999996,inf,0.0,0.0,2692.9988,inf,0.0,0.0,0.0,0.0,0.0,0.0,6025.42,inf,20.206699999999728,0.41671203609756335,100.66849999999977,1.9110631455653024,93.29020000000037,2.1703447327795904,-141.7501000000002,-2.8518159647100187,145.57100000000037,4.533283922320917,-50.39589999999953,-1.653691352511923,-119.67030000000113,-4.182502316325317,-639.3714,-100.0
0x1d0a8a31cdb04efac3153237526fb15cc65a252000000000000000000000000f,zkevm,B-rETH-STABLE,0.0,0.0,0.0,0.0,-5128.28,-100.0,-244.47,-100.0,-286.47,-100.0,-348.27,-100.0,-238.69,-100.0,-252.14,-100.0,-345.34,-100.0,0.0,0.0,0.0,0.0,0.0,0.0,0.0,0.0,0.0,0.0,0.0,0.0,0.0,0.0,0.0,0.0,0.0,0.0,0.0,0.0,0.0,0.0,0.0,0.0
0x1e19cf2d73a72ef1332c882f20534b6519be0276000200000000000000000112,mainnet,B-rETH-STABLE,4601.537100000001,11.863105022501436,3610.980899999995,4.7154138042347205,16482.6213,20.230357795776822,675.6812999999966,0.6235259137694302,8841.906399999993,9.002627609931821,14104.53810000002,17.51622163285098,-19348.742300000013,-15.11341602432427,2822.653999999995,3.2628956240165548,-159.5355000000127,-0.2280535833826568,-1601.338700000022,-1.3491208305524143,6170.034999999989,5.031992115231141,8110.617499999993,4.7961932715182,-1200.2137999999977,-0.8735428443747658,2150.327400000009,2.384685992990101,4348.9014000000025,5.624464764884545,2904.5527999999977,5.1294276319067675,4530.439800000007,6.091609551034407,4827.213400000008,8.197050306970986,-1702.838699999993,-2.7487004816227723,13946.245700000007,30.37956259537491,-6784.7598,-13.772378583283649
0x1ee442b5326009bb18f2f472d3e0061513d1a0ff000200000000000000000464,mainnet,50rETH-50BADGER,-15355.99,-100.0,-3652.5399999999995,-100.0,-59534.86,-100.0,-27171.7,-100.0,-3461.79,-100.0,-306.49,-100.0,-663.8800000000001,-100.0,-100.63,-100.0,0.0,0.0,0.0,0.0,-63.02,-100.0,0.0,0.0,0.0,0.0,0.0,0.0,-187.20999999999998,-100.0,-21.1083,-100.0,0.0,0.0,0.0,0.0,0.0,0.0,0.0,0.0,0.0,0.0
0x260dbd54d87a10a0fc9d08622ebc969a3bf4e6bb000200000000000000000536,arbitrum,jitoSOL/wstETH,0.0,0.0,0.0,0.0,0.0,0.0,0.0,0.0,0.0,0.0,0.0,0.0,0.0,0.0,0.0,0.0,0.0,0.0,0.0,0.0,0.0,0.0,0.0,0.0,0.0,0.0,0.0,0.0,0.0,0.0,-156.9223,-100.0,-78.4614,-100.0,-626.0260000000001,-100.0,0.0,0.0,0.0,0.0,0.0,0.0
0x264062ca46a1322c2e6464471764089e01f22f1900000000000000000000066b,mainnet,sDOLA-DOLA BSP,0.0,0.0,0.0,0.0,0.0,0.0,0.0,0.0,0.0,0.0,0.0,0.0,0.0,0.0,0.0,0.0,0.0,0.0,0.0,0.0,-28.39,-100.0,-532.6300000000001,-100.0,201.17210000000068,3.481823468529447,102.89679999999953,1.5479720784691227,179.49089999999978,3.5204372232050702,167.65049999999974,3.9850237714932075,-68.11869999999817,-0.8441162819878799,377.6889000000001,6.830234337633343,877.3689000000004,15.581210312257005,-1033.8111,-17.783255509060265,-131.15919999999915,-1.8460415854227128
0x2ce4457acac29da4736ae6f5cd9f583a6b335c270000000000000000000004dc,arbitrum,sFRAX/4POOL,0.0,0.0,0.0,0.0,0.0,0.0,0.0,0.0,0.0,0.0,0.0,0.0,-251.69,-100.0,-1379.1372999999994,-22.154887244617647,-1426.0356000000002,-16.939367842375162,350.0684999999994,4.362414560136572,-3488.093399999999,-36.28449066802036,-2738.3987000000006,-39.10238535516161,-2758.1862999999994,-31.547511369147287,-5181.2,-100.0,-4734.239800000001,-59.56404697948581,-2073.6549,-43.54326042571104,-1583.4813000000004,-41.37496363153926,-1340.565,-35.059171284266974,-1825.0949,-41.491064016996404,-3143.9896,-100.0,-3119.8098,-100.0
0x2d6ced12420a9af5a83765a8c48be2afcd1a8feb000000000000000000000500,arbitrum,cbETH/rETH/wstETH,0.0,0.0,0.0,0.0,0.0,0.0,0.0,0.0,0.0,0.0,0.0,0.0,0.0,0.0,0.0,0.0,0.0,0.0,0.0,0.0,-9967.14,-100.0,-15084.212300000005,-66.57638831266276,-6199.7014,-35.05492240049577,1824.5360999999957,12.798579803125298,1729.9981999999982,18.27346426160866,827.0432999999994,10.850577928332699,550.7260999999999,8.276604633897453,960.7975000000006,9.786537620931744,28.32459999999992,0.3999772309834112,1140.3724999999986,16.526021575934124,576.3621000000012,7.843995533527974
0x2e848426aec6dbf2260535a5bea048ed94d9ff3d000000000000000000000536,mainnet,wbETH-wstETH,0.0,0.0,0.0,0.0,0.0,0.0,0.0,0.0,0.0,0.0,0.0,0.0,0.0,0.0,0.0,0.0,0.0,0.0,0.0,0.0,0.0,0.0,0.0,0.0,0.0,0.0,0.0,0.0,-16931.08,-100.0,-22.8297,-100.0,-64.00970000000001,-100.0,-15.2666,-100.0,0.0,0.0,0.0,0.0,0.0,0.0
0x2f0cdf8596be980ef24924ca7bf54e630ca526b2000000000000000000000529,arbitrum,sUSDe/USDC,0.0,0.0,0.0,0.0,0.0,0.0,0.0,0.0,0.0,0.0,0.0,0.0,0.0,0.0,0.0,0.0,0.0,0.0,0.0,0.0,0.0,0.0,0.0,0.0,0.0,0.0,0.0,0.0,0.0,0.0,0.0,0.0,0.0,0.0,0.0,0.0,0.0,0.0,0.0,0.0,0.0,0.0
0x32df62dc3aed2cd6224193052ce665dc181658410002000000000000000003bd,arbitrum,RDNT-WETH,14110.395300000004,18.784651519197755,13315.866600000008,29.525982171148218,22812.99499999998,19.674114050207837,18751.351899999994,18.846032482589276,21431.148500000025,25.502472940922548,30804.745900000038,28.561409948576095,47076.305700000026,27.621208239886393,35077.40340000001,19.552718739797545,38252.418600000005,54.728381402797886,16864.8357,67.71424630880487,41887.18239999999,28.09379680239027,38439.66320000001,23.817769909776096,19315.88380000001,19.617598542057145,11351.513199999987,14.388200459854017,12572.003099999987,16.750900500581576,3117.940400000007,7.709644090607069,4288.915500000003,10.176267313036174,3683.70279999997,3.875912743113758,2841.274200000007,4.716754110877049,4303.028100000003,14.121385488357173,6664.987800000003,16.148929504523775
0x35c5c8c7b77942f9d44b535fa590d8b503b2b00c00000000000000000000060d,mainnet,DUSD/sDAI,0.0,0.0,0.0,0.0,0.0,0.0,0.0,0.0,-0.13,-100.0,-47.419999999999995,-100.0,-100.30000000000001,-100.0,-10.78,-100.0,0.0,0.0,0.0,0.0,0.0,0.0,0.0,0.0,0.0,0.0,0.0,0.0,0.0,0.0,0.0,0.0,0.0,0.0,0.0,0.0,0.0,0.0,0.0,0.0,0.0,0.0
0x36be1e97ea98ab43b4debf92742517266f5731a3000200000000000000000466,mainnet,50wstETH-50ACX,-924.96,-100.0,545.8875000000016,11.978309525376906,1781.5295000000006,24.202801582428098,1099.599799999999,14.972152553681074,759.5426999999981,2.0814047966352964,1267.929799999998,11.42575551133986,-1992.2785000000003,-14.100653408809412,496.34450000000106,3.532341548155604,0.0,0.0,-2271.541899999993,-8.617182606927507,1272.4133999999976,4.559596821789504,-594.9418000000005,-1.4831597534273702,3736.744100000011,8.454728806806086,459.02790000000095,1.1305033882255031,2123.9594000000143,3.8421549619196353,1824.104299999999,5.508546260924268,4355.057399999991,6.287183526589361,3286.076500000003,8.012543605900104,1583.7122999999992,3.3848796320653065,4065.977399999996,12.653067924681949,-921.2419999999984,-3.7957835159974924
0x37b18b10ce5635a84834b26095a0ae5639dcb7520000000000000000000005cb,mainnet,ETHx-WETH-BPT,-14984.84,-100.0,-12108.43,-100.0,-12034.859999999999,-100.0,-830.99,-100.0,-365.4,-100.0,0.0,0.0,-24.400000000000002,-100.0,0.0,0.0,0.0,0.0,0.0,0.0,0.0,0.0,0.0,0.0,0.0,0.0,0.0,0.0,0.0,0.0,0.0,0.0,0.0,0.0,0.0,0.0,0.0,0.0,0.0,0.0,0.0,0.0
0x38fe2b73612527eff3c5ac3bf2dcb73784ad927400000000000000000000068c,mainnet,saETH/wstETH,0.0,0.0,0.0,0.0,0.0,0.0,0.0,0.0,0.0,0.0,0.0,0.0,0.0,0.0,0.0,0.0,0.0,0.0,0.0,0.0,0.0,0.0,0.0,0.0,0.0,0.0,0.0,0.0,0.0,0.0,0.0,0.0,0.0,0.0,0.0,0.0,0.0,0.0,0.0,0.0,0.0,0.0
0x3fd4954a851ead144c2ff72b1f5a38ea5976bd54000000000000000000000480,arbitrum,ankrETH/wstETH-BPT,-1706.1975999999995,-12.654173168546523,-2166.8923000000004,-27.975855907498214,-2606.4172,-29.584220944909056,-2692.8004,-22.67161275059125,-3243.5200000000004,-27.632410696790792,-1933.6625000000004,-15.832575273126842,502.70350000000144,5.022444485740049,-1087.7425000000003,-4.97204846152264,1309.677099999999,10.776645448172118,2355.6642999999985,16.790781003755644,-4740.286000000002,-33.08952340000169,-4741.178499999996,-30.867268580699452,-7592.3582000000015,-51.77838777127472,-4970.889900000001,-53.67268009791082,-3659.1800000000003,-100.0,-2763.9383,-100.0,-2782.357,-100.0,-3286.1010000000006,-100.0,-2566.9081,-100.0,-2966.0184000000004,-100.0,-3145.5356,-100.0
0x3ff3a210e57cfe679d9ad1e9ba6453a716c56a2e0002000000000000000005d5,mainnet,STG/USDC,958.5504000000001,11.447414525091629,217.14140000000043,1.8182224674712473,16800.83230000001,20.348302442184025,2990.739499999996,3.907761862122514,-7987.53,-100.0,-3368.593400000005,-6.137700414914181,931.1764999999941,2.04796678304067,-304.66879999999946,-0.9741493066269066,-221.85160000000178,-1.3398939447014735,-331.60210000000006,-2.48673847865963,1651.544799999996,8.882038010757089,0.0,0.0,3770.3646000000153,4.619022160586787,0.0,0.0,1747.2464000000036,2.600432411612283,-45.65939999999864,-0.4046574827176693,-70.59960000000046,-1.4132711800104603,0.0,0.0,2579.438899999979,1.7409576342060702,-13.300900000002002,-0.11125507491654052,-306.3673000000017,-2.938131094893184
0x40c806394d03d350420d13cd7d1de1c806f349560000000000000000000005f5,mainnet,qETH/WETH,0.0,0.0,-156.98,-100.0,-64.78,-100.0,0.0,0.0,0.0,0.0,0.0,0.0,-348.21000000000004,-100.0,0.0,0.0,0.0,0.0,-114.95100000000002,-4.562018303475757,-441.47999999999996,-100.0,0.0,0.0,-631.23,-100.0,0.0,0.0,0.0,0.0,-1034.1925999999999,-100.0,0.0,0.0,-708.0151,-100.0,723.8122000000003,6.704890568313085,-306.6989,-100.0,0.0,0.0
0x4216d5900a6109bba48418b5e2ab6cc4e61cf4770000000000000000000006a1,mainnet,trenSTETH,0.0,0.0,0.0,0.0,0.0,0.0,0.0,0.0,0.0,0.0,0.0,0.0,0.0,0.0,0.0,0.0,0.0,0.0,0.0,0.0,0.0,0.0,0.0,0.0,0.0,0.0,0.0,0.0,0.0,0.0,0.0,0.0,0.0,0.0,0.0,0.0,0.0,0.0,0.0,0.0,174.01209999999992,3.8872940921750927
0x423a1323c871abc9d89eb06855bf5347048fc4a5000000000000000000000496,arbitrum,4POOL-BPT,1253.6186999999995,129.81854049520018,1181.3357,124.08206415562046,1274.4412000000002,101.51593503317645,1423.6129999999998,131.01175193027984,515.9344999999998,21.92368653646762,1038.2123000000001,28.71202035426375,877.9825999999994,21.77066456394576,1800.0761999999995,20.011141287128815,2448.4676,54.363517678090886,2880.3254000000006,64.88388448369076,1969.1782000000003,25.33770730583796,994.3291000000008,17.378636246058786,2126.065699999999,21.802693769811267,427.95450000000073,10.96026481585824,431.78349999999955,16.699999613232084,-906.1780000000001,-100.0,-844.8038,-100.0,-1003.3379000000001,-100.0,-871.4408999999999,-100.0,-1044.7022,-100.0,-1059.6201,-100.0
0x42ed016f826165c2e5976fe5bc3df540c5ad0af700000000000000000000058b,mainnet,wstETH-rETH-sfrxETH-BPT,4923.194300000003,11.223232290994646,2721.0589000000036,3.707488487754862,15654.596900000004,21.68825697845084,8823.493600000002,12.398645513565805,-3248.7244999999966,-4.619839834814984,-1341.3098000000027,-2.6403762208427426,-2179.127099999998,-6.061333838461379,2139.3971999999994,5.619875376985798,426.05590000000666,1.3043153089995339,-482.9178000000029,-1.2967609560715334,1792.1247000000003,4.448560151915702,-589.2721999999994,-1.0873884119486603,2894.1266000000032,5.773515723763528,1107.0087000000058,3.0914276251376216,1980.5283000000054,4.914757412231716,2906.218499999999,13.382287303096755,-1527.924100000002,-9.487446063394177,1550.0877,7.756904849805419,186.08439999999973,0.9642153470167206,154.48209999999744,1.1343643920279607,2913.971300000001,23.53480751144445
0x451b0afd69ace11ec0ac339033d54d2543b088a80000000000000000000004d5,arbitrum,plsRDNT-Stable,0.0,0.0,0.0,0.0,0.0,0.0,0.0,0.0,-171.49,-100.0,-9733.939999999999,-100.0,-23082.92,-100.0,-15096.910000000002,-100.0,-28052.53,-100.0,-13604.81,-100.0,-16491.7,-100.0,-17500.02,-100.0,-21168.350000000002,-100.0,-17347.530000000002,-100.0,-15614.830000000002,-100.0,-44.4338,-100.0,-60.0394,-100.0,-107.4123,-100.0,-21.8764,-100.0,-122.10860000000001,-100.0,0.0,0.0
0x46472cba35e6800012aa9fcc7939ff07478c473e00020000000000000000056c,arbitrum,ECLP-GHO-AUSDC,0.0,0.0,0.0,0.0,0.0,0.0,0.0,0.0,0.0,0.0,0.0,0.0,0.0,0.0,0.0,0.0,0.0,0.0,0.0,0.0,0.0,0.0,0.0,0.0,0.0,0.0,0.0,0.0,0.0,0.0,0.0,0.0,0.0,0.0,0.0,0.0,0.0,0.0,0.0,0.0,-213.9425999999994,-3.3321180299300956
0x47a4f5440ab097cf3ec7abeedf1afecc5749a4e200000000000000000000068d,mainnet,aETH/wstETH,0.0,0.0,0.0,0.0,0.0,0.0,0.0,0.0,0.0,0.0,0.0,0.0,0.0,0.0,0.0,0.0,0.0,0.0,0.0,0.0,0.0,0.0,0.0,0.0,0.0,0.0,0.0,0.0,0.0,0.0,0.0,0.0,0.0,0.0,0.0,0.0,0.0,0.0,0.0,0.0,0.0,0.0
0x49cbd67651fbabce12d1df18499896ec87bef46f00000000000000000000064a,mainnet,sDAI/3Pool,0.0,0.0,0.0,0.0,0.0,0.0,0.0,0.0,0.0,0.0,0.0,0.0,0.0,0.0,-70.18,-100.0,-661.6800000000001,-100.0,-95.60640000000149,-2.2086324952180636,99.83149999999978,3.8790755326217377,-256.22270000000026,-2.183292559994753,59.851100000000315,2.25558704483958,3714.7212999999992,38.5520096807571,-3824.9672,-47.28153210783496,181.92250000000058,2.3241857847228555,-160.26109999999971,-2.976330239718108,997.9928,25.196608178807328,-856.1927999999998,-14.033043621153606,-197.4385000000002,-3.5739245684399927,-180.20129999999972,-4.202677977463914
0x4a2f6ae7f3e5d715689530873ec35593dc28951b000000000000000000000481,arbitrum,wstETH/rETH/cbETH,-17221.82,-100.0,-16901.07,-100.0,-25798.980000000003,-100.0,-25665.94,-100.0,-22101.14,-100.0,-31002.430000000004,-100.0,-27937.93,-100.0,-30655.760000000002,-100.0,-24863.190000000002,-100.0,-20336.21,-100.0,-12786.630000000001,-100.0,-4635.37,-100.0,-2116.01,-100.0,0.0,0.0,0.0,0.0,0.0,0.0,0.0,0.0,0.0,0.0,0.0,0.0,0.0,0.0,0.0,0.0
0x4b3af34eb1135d59df8b9cdc2ff07d30d05334c400000000000000000000050d,arbitrum,weETH/rETH,0.0,0.0,0.0,0.0,0.0,0.0,0.0,0.0,0.0,0.0,0.0,0.0,0.0,0.0,0.0,0.0,0.0,0.0,0.0,0.0,0.0,0.0,-0.54,-100.0,-11.6,-100.0,-18.009999999999998,-100.0,0.0,0.0,0.0,0.0,0.0,0.0,0.0,0.0,0.0,0.0,0.0,0.0,0.0,0.0
0x51c72451eddfcc08aae540fd36434bb7ba340d33000000000000000000000683,mainnet,mstETH/wstETH,0.0,0.0,0.0,0.0,0.0,0.0,0.0,0.0,0.0,0.0,0.0,0.0,0.0,0.0,0.0,0.0,0.0,0.0,0.0,0.0,0.0,0.0,0.0,0.0,0.0,0.0,0.0,0.0,0.0,0.0,0.0,0.0,0.0,0.0,0.0,0.0,0.0,0.0,0.0,0.0,0.0,0.0
0x52b69d6b3eb0bd6b2b4a48a316dfb0e1460e67e40002000000000000000005f3,mainnet,ECLP-R-sDAI,-272.08000000000004,-100.0,-2186.62,-100.0,-8646.33,-100.0,0.0,0.0,0.0,0.0,0.0,0.0,0.0,0.0,0.0,0.0,0.0,0.0,0.0,0.0,0.0,0.0,0.0,0.0,0.0,0.0,0.0,0.0,0.0,0.0,0.0,0.0,0.0,0.0,0.0,0.0,0.0,0.0,0.0,0.0,0.0,0.0
0x55bec22f8f6c69137ceaf284d9b441db1b9bfedc000200000000000000000011,avalanche,BPT,0.0,0.0,0.0,0.0,0.0,0.0,0.0,0.0,0.0,0.0,0.0,0.0,0.0,0.0,0.0,0.0,0.0,0.0,0.0,0.0,0.0,0.0,0.0,0.0,0.0,0.0,0.0,0.0,0.0,0.0,0.0,0.0,0.0,0.0,0.0,0.0,0.0,0.0,0.0,0.0,0.0,0.0
0x58b645fa247b60f2cb896991fd8956146c9fcb4a00020000000000000000061d,mainnet,80mevETH/20FOLD,0.0,0.0,0.0,0.0,0.0,0.0,0.0,0.0,0.0,0.0,0.0,0.0,0.0,0.0,0.0,0.0,0.0,0.0,0.0,0.0,0.0,0.0,0.0,0.0,0.0,0.0,0.0,0.0,0.0,0.0,0.0,0.0,0.0,0.0,0.0,0.0,0.0,0.0,0.0,0.0,0.0,0.0
0x596192bb6e41802428ac943d2f1476c1af25cc0e000000000000000000000659,mainnet,ezETH-WETH-BPT,0.0,0.0,0.0,0.0,0.0,0.0,0.0,0.0,0.0,0.0,0.0,0.0,0.0,0.0,0.0,0.0,-100.91449999999895,-0.14304502067192432,-962.6419999999998,-2.4988734014761036,3386.915200000003,5.688998659096155,5148.852299999999,4.221710957913113,182.77009999999427,0.11563852493736704,11921.937200000044,4.254644035162504,38882.04839999997,8.981643485791773,8910.784899999911,3.2091408960006325,33181.82099999997,13.422582991600354,-7244.939799999993,-3.0839922844861447,197.25089999998454,0.09584786876435017,-70.85299999994459,-0.016026122197816392,5939.167000000016,7.064333035082323
0x5f1f4e50ba51d723f12385a8a9606afc3a0555f5000200000000000000000465,mainnet,50wstETH-50LDO,-28.7,-100.0,-292.09999999999997,-100.0,-37.98,-100.0,0.0,0.0,0.0,0.0,-430.78,-100.0,0.0,0.0,-383.15000000000003,-100.0,-202.79999999999998,-100.0,0.0,0.0,0.0,0.0,-614.98,-100.0,-57.42999999999999,-100.0,0.0,0.0,0.0,0.0,-533.386,-100.0,-284.392,-100.0,0.0,0.0,0.0,0.0,0.0,0.0,0.0,0.0
0x63e0d47a6964ad1565345da9bfa66659f4983f02000000000000000000000681,mainnet,pufETH/wstETH,0.0,0.0,0.0,0.0,0.0,0.0,0.0,0.0,0.0,0.0,0.0,0.0,0.0,0.0,0.0,0.0,0.0,0.0,0.0,0.0,0.0,0.0,0.0,0.0,0.0,0.0,-315.96000000000004,-100.0,405.70560000000023,7.51018776135815,373.5724999999984,3.962864378708486,276.3299999999981,2.335258195232538,1669.7510999999995,12.082236812423579,259.362000000001,2.1597594631413735,-449.572299999998,-2.807380330772355,-715.1980999999996,-7.73119852812809
0x65da876a95cd5b6a5880710628c436409b1b29fa00000000000000000000005b,zkevm,wstETH/ankrETH ,0.0,0.0,0.0,0.0,-0.04,-100.0,0.0,0.0,-34.04,-100.0,-211.98,-100.0,-137.93,-100.0,-261.24,-100.0,-141.28,-100.0,0.0,0.0,0.0,0.0,0.0,0.0,0.0,0.0,0.0,0.0,0.0,0.0,0.0,0.0,0.0,0.0,0.0,0.0,0.0,0.0,0.0,0.0,0.0,0.0
0x6aa5a6b9257ca6e18b2da94e1a5fbe57ce2947ca00000000000000000000067b,mainnet,genETH/wstETH,0.0,0.0,0.0,0.0,0.0,0.0,0.0,0.0,0.0,0.0,0.0,0.0,0.0,0.0,0.0,0.0,0.0,0.0,0.0,0.0,0.0,0.0,0.0,0.0,-0.19,-100.0,0.0,0.0,-131.95,-100.0,0.0,0.0,0.0,0.0,-234.6696,-100.0,0.0,0.0,0.0,0.0,0.0,0.0
0x6aa6d7542310cdc75d1179b8729e1e6ec8d42bf100020000000000000000064b,mainnet,50wstETH/50sDAI,0.0,0.0,0.0,0.0,0.0,0.0,0.0,0.0,0.0,0.0,0.0,0.0,0.0,0.0,0.0,0.0,0.0,0.0,0.0,0.0,0.0,0.0,0.0,0.0,0.0,0.0,0.0,0.0,0.0,0.0,0.0,0.0,0.0,0.0,0.0,0.0,0.0,0.0,0.0,0.0,0.0,0.0
0x6b9f3f6b9054a45702d3f2c6e3d32a60204934cb0000000000000000000004a7,arbitrum,USDF/USDC,0.0,0.0,-0.01,-100.0,0.0,0.0,0.0,0.0,0.0,0.0,0.0,0.0,0.0,0.0,0.0,0.0,0.0,0.0,0.0,0.0,0.0,0.0,0.0,0.0,0.0,0.0,0.0,0.0,0.0,0.0,0.0,0.0,0.0,0.0,0.0,0.0,0.0,0.0,0.0,0.0,0.0,0.0
0x6e822c64c00393b2078f2a5bb75c575ab505b55c000200000000000000000548,arbitrum,ECLP-GYD-AUSDC,0.0,0.0,0.0,0.0,0.0,0.0,0.0,0.0,0.0,0.0,0.0,0.0,0.0,0.0,0.0,0.0,0.0,0.0,0.0,0.0,0.0,0.0,0.0,0.0,0.0,0.0,0.0,0.0,0.0,0.0,0.0,0.0,0.0,0.0,0.0,0.0,0.0,0.0,0.0,0.0,-556.8109,-100.0
0x70d5e3234f6329c1d5a26796dcf4e109d69a34880000000000000000000005e7,mainnet,uniETH/wstETH/rETH,0.0,0.0,0.0,0.0,0.0,0.0,0.0,0.0,0.0,0.0,0.0,0.0,0.0,0.0,0.0,0.0,0.0,0.0,0.0,0.0,0.0,0.0,0.0,0.0,-3885.14,-100.0,-4.550000000000001,-100.0,0.0,0.0,0.0,0.0,0.0,0.0,-11.4087,-100.0,0.0,0.0,0.0,0.0,0.0,0.0
0x71e1179c5e197fa551beec85ca2ef8693c61b85b0002000000000000000000a0,gnosis,ECLP-rETH-WETH,0.0,0.0,0.0,0.0,0.0,0.0,0.0,0.0,0.0,0.0,0.0,0.0,0.0,0.0,0.0,0.0,0.0,0.0,0.0,0.0,0.0,0.0,0.0,0.0,0.0,0.0,0.0,0.0,0.0,0.0,0.0,0.0,0.0,0.0,0.0,0.0,0.0,0.0,0.0,0.0,0.0,0.0
0x7272163a931dac5bbe1cb5fefaf959bb65f7346f000200000000000000000549,arbitrum,ECLP-GYD-AUSDT,0.0,0.0,0.0,0.0,0.0,0.0,0.0,0.0,0.0,0.0,0.0,0.0,0.0,0.0,0.0,0.0,0.0,0.0,0.0,0.0,0.0,0.0,0.0,0.0,0.0,0.0,0.0,0.0,0.0,0.0,0.0,0.0,0.0,0.0,0.0,0.0,0.0,0.0,0.0,0.0,-310.10549999999995,-100.0
0x7761b6e0daa04e70637d81f1da7d186c205c2ade00000000000000000000065d,mainnet,rsETH / ETHx,0.0,0.0,0.0,0.0,0.0,0.0,0.0,0.0,0.0,0.0,0.0,0.0,0.0,0.0,0.0,0.0,0.0,0.0,4805.9639,inf,-8062.504699999994,-32.90072942659926,-8899.176499999998,-36.805410399689976,48.93079999999827,0.22530170964963586,1278.4506999999976,7.322538020243846,4129.2409000000025,28.349559402558818,-2053.9661000000015,-19.713507713032406,-20.8216999999986,-0.22923315022893043,837.7262999999984,6.760574612562708,1126.1105,92.7005557947844,-16.685899999996764,-0.04984106620446113,582.0493999999999,5.354549015829564
0x7967fa58b9501600d96bd843173b9334983ee6e600020000000000000000056e,arbitrum,ECLP-wstETH-WETH,0.0,0.0,0.0,0.0,0.0,0.0,0.0,0.0,0.0,0.0,0.0,0.0,0.0,0.0,0.0,0.0,0.0,0.0,0.0,0.0,0.0,0.0,0.0,0.0,0.0,0.0,0.0,0.0,0.0,0.0,0.0,0.0,0.0,0.0,0.0,0.0,0.0,0.0,0.0,0.0,-795.3611000000001,-100.0
0x7b54c44fbe6db6d97fd22b8756f89c0af16202cc00000000000000000000053c,arbitrum,ETHx/wstETH,0.0,0.0,0.0,0.0,0.0,0.0,0.0,0.0,0.0,0.0,0.0,0.0,0.0,0.0,0.0,0.0,0.0,0.0,0.0,0.0,0.0,0.0,0.0,0.0,0.0,0.0,0.0,0.0,0.0,0.0,0.0,0.0,0.0,0.0,0.0,0.0,0.0,0.0,-626.238,-100.0,-2799.6309,-100.0
0x821afe819450a359e29a5209c48f2fa3321c8ad200020000000000000000010d,base,ECLP-sDAI-USDC-rh,0.0,0.0,0.0,0.0,0.0,0.0,0.0,0.0,0.0,0.0,0.0,0.0,0.0,0.0,0.0,0.0,0.0,0.0,0.0,0.0,0.0,0.0,0.0,0.0,0.0,0.0,0.0,0.0,0.0,0.0,0.0,0.0,0.0,0.0,-519.4557,-100.0,0.0,0.0,0.0,0.0,0.0,0.0
0x8353157092ed8be69a9df8f95af097bbf33cb2af0000000000000000000005d9,mainnet,GHO/USDT/USDC,-1190.7140999999992,-33.07134961282508,259.4947000000011,3.10928490977499,468.9440999999997,19.033058153126813,-88.89080000000058,-3.922962518370128,-18.618000000000393,-0.5998859385421526,-656.88,-100.0,-494.12,-100.0,-273.09000000000003,-100.0,-24.573499999999513,-0.5154075901153055,-37.509700000000066,-1.6220200386589607,209.623599999999,4.858009599050732,-79.62499999999909,-1.2242673230943188,-1014.89,-100.0,318.3010000000004,4.764942231057811,611.3363000000027,2.6660574304360933,631.3442000000014,4.022214960698942,-21.641599999999016,-0.1478264169665009,458.10479999999734,5.334641053919291,53.976299999999355,0.7303454662611978,-95.10090000000037,-1.9264988687851627,-120.40650000000005,-1.591198693500811
0x848a5564158d84b8a8fb68ab5d004fae11619a5400000000000000000000066a,mainnet,weETH/ezETH/rswETH,0.0,0.0,0.0,0.0,0.0,0.0,0.0,0.0,0.0,0.0,0.0,0.0,0.0,0.0,0.0,0.0,0.0,0.0,0.0,0.0,8258.718300000008,6.461224912904667,45744.67459999997,16.079616620125243,10574.0055,5.217448938204792,3632.1937000000034,3.5773757822014396,9644.488199999963,6.572941474817322,1496.5532999999996,3.0703763860360453,2808.782699999996,8.398274147620741,32.425200000001496,0.11516503585931716,2658.960299999999,8.192952993871119,-1061.1070000000036,-2.2861777836030366,1001.7143999999971,3.5502711576753803
0x89b753153678bc434c610b7e9182297cada8ff29000000000000000000000c21,polygon,stMATIC-WMATIC-BPT,-0.45,-100.0,0.0,0.0,0.0,0.0,-0.17,-100.0,0.0,0.0,0.0,0.0,0.0,0.0,0.0,0.0,0.0,0.0,0.0,0.0,0.0,0.0,0.0,0.0,0.0,0.0,0.0,0.0,0.0,0.0,0.0,0.0,0.0,0.0,0.0,0.0,0.0,0.0,0.0,0.0,0.0,0.0
0x8dd4df4ce580b9644437f3375e54f1ab0980822800020000000000000000009c,gnosis,ECLP-wstETH-WETH,0.0,0.0,0.0,0.0,0.0,0.0,0.0,0.0,0.0,0.0,0.0,0.0,0.0,0.0,0.0,0.0,0.0,0.0,0.0,0.0,0.0,0.0,0.0,0.0,0.0,0.0,0.0,0.0,0.0,0.0,0.0,0.0,0.0,0.0,0.0,0.0,0.0,0.0,0.0,0.0,0.0,0.0
0x90e6cb5249f5e1572afbf8a96d8a1ca6acffd73900000000000000000000055c,arbitrum,rsETH/wETH,0.0,0.0,0.0,0.0,0.0,0.0,0.0,0.0,0.0,0.0,0.0,0.0,0.0,0.0,0.0,0.0,0.0,0.0,0.0,0.0,0.0,0.0,0.0,0.0,0.0,0.0,0.0,0.0,0.0,0.0,0.0,0.0,0.0,0.0,0.0,0.0,0.0,0.0,309.87840000000006,9.175858933143658,299.80430000000024,10.580457899274927
0x93d199263632a4ef4bb438f1feb99e57b4b5f0bd0000000000000000000005c2,mainnet,wstETH-WETH-BPT,4878.839400000012,11.601555834355082,4538.973500000022,5.947551046507817,10021.11849999999,17.920259632360928,7504.120699999992,13.494362813414288,2267.320599999992,4.344415743377315,3527.0471000000034,8.198608463445094,-3549.5949000000037,-9.310693699613244,-436.8324999999895,-0.9121847370772784,-1216.6714999999967,-1.7227446129517927,-264.97080000001006,-0.35668495203810036,4303.251200000013,4.822677161400992,847.2737999999954,0.9233769592397008,12613.833699999974,13.567834257264732,-6407.315600000002,-10.257501679349037,2760.900700000013,4.117318263297155,3548.9340999999986,5.311362315260344,78.6929999999993,0.14847079356028722,4207.169300000001,6.953819342484843,448.3480000000127,0.6999512128628136,305.99370000000636,0.6151521758597672,3656.363099999995,7.435568831138513
0x9791d590788598535278552eecd4b211bfc790cb000000000000000000000498,arbitrum,wstETH-WETH-BPT,2197.0920000000006,17.93666019820119,2487.761800000001,33.238273635436904,737.6849999999977,8.210366396580865,3317.562900000001,33.53553233299774,1095.232,12.526371289920066,3588.4437,37.724645192489646,3235.052999999998,21.973455685326236,4518.3413999999975,23.470830424375393,6960.256100000002,41.42777785052505,11255.235100000002,64.8955730669682,7094.835299999999,33.33758720483568,4403.269699999997,16.24850348013286,5862.840899999996,27.09926003099649,3086.8547999999937,13.377149350092147,443.34310000000005,3.720916433135346,697.8886999999995,9.997630699363134,523.5680000000002,7.845182375526765,1017.0742999999984,11.641487027340345,506.0820999999996,4.959395169538962,747.7325000000001,7.991664960616014,534.5469000000021,6.559864829308114
0x98bedb6a3c0b6feebbe662e6419481a6877d9681000000000000000000000104,base,sfrxETH/cbETH,0.0,0.0,0.0,0.0,0.0,0.0,0.0,0.0,0.0,0.0,0.0,0.0,0.0,0.0,0.0,0.0,0.0,0.0,0.0,0.0,0.0,0.0,0.0,0.0,0.0,0.0,0.0,0.0,0.0,0.0,0.0,0.0,0.0,0.0,0.0,0.0,0.0,0.0,0.0,0.0,0.0,0.0
0x9f8ed1acfe0c863381b9081aff2144fc867aa7730002000000000000000004d4,arbitrum,50ANKR/50ankrETH,0.0,0.0,0.0,0.0,0.0,0.0,0.0,0.0,0.0,0.0,-0.84,-100.0,-2.08,-100.0,0.0,0.0,0.0,0.0,0.0,0.0,0.0,0.0,0.0,0.0,0.0,0.0,0.0,0.0,0.0,0.0,0.0,0.0,0.0,0.0,0.0,0.0,0.0,0.0,0.0,0.0,0.0,0.0
0x9f9d900462492d4c21e9523ca95a7cd86142f298000200000000000000000462,mainnet,50rETH-50RPL,337.71470000000045,12.198912729374385,-104.67549999999892,-2.5713489107898844,1928.4562000000005,18.557658515930985,2001.352499999999,30.18267026603123,-1069.24,-100.0,0.0,0.0,585.4796999999999,3.323922512166375,-200.96,-100.0,-317.47250000000076,-4.212024480947407,-141.47089999999935,-2.3609451063311266,0.0,0.0,854.5557999999946,4.227527545156616,128.77400000000125,1.4939897696726279,274.77930000000015,8.392078234232368,2492.1201,13.22100670037189,-748.5071,-100.0,-526.1876999999968,-3.5952398567522166,472.8070000000007,4.232111328086161,1007.4171999999999,3.1668815309116667,63.070599999995466,0.2825548825493895,-1480.368300000002,-7.446118578285627
0x9fa6ab3d78984a69e712730a2227f20bcc8b5ad900000000000000000000001f,avalanche,yyAVAX-WAVAX-BPT,-2162.11,-100.0,-803.0,-100.0,-2548.93,-100.0,-3534.75,-100.0,-1451.1299999999999,-100.0,-4848.93,-100.0,-26116.9,-100.0,-339.92,-100.0,-76698.41,-100.0,-1409.74,-100.0,-3516.89,-100.0,-2856.36,-100.0,-201.69,-100.0,-838.6400000000001,-100.0,-20.259999999999998,-100.0,-390.3688,-100.0,-208.8145,-100.0,-255.9469,-100.0,0.0,0.0,0.0,0.0,0.0,0.0
0xa1a8bf131571a2139feb79401aa4a2e9482df6270002000000000000000004b4,arbitrum,50wstETH/50-4Pool,0.0,0.0,0.0,0.0,0.0,0.0,0.0,0.0,0.0,0.0,-615.83,-100.0,-697.5500000000001,-100.0,-478.01000000000005,-100.0,-8.25,-100.0,-5.5200000000000005,-100.0,-3.15,-100.0,0.0,0.0,0.0,0.0,0.0,0.0,0.0,0.0,0.0,0.0,0.0,0.0,0.0,0.0,0.0,0.0,0.0,0.0,0.0,0.0
0xab99a3e856deb448ed99713dfce62f937e2d4d74000000000000000000000118,base,weETH/wETH,0.0,0.0,0.0,0.0,0.0,0.0,0.0,0.0,0.0,0.0,0.0,0.0,0.0,0.0,0.0,0.0,0.0,0.0,0.0,0.0,0.0,0.0,0.0,0.0,0.0,0.0,0.0,0.0,0.0,0.0,-220.8823,-100.0,105.60560000000032,4.1235614326726395,-24.97440000000006,-0.45939115478149317,124.14720000000034,4.542646201038174,141.46529999999893,2.140618961009161,270.0718999999999,3.3972360678293705
0xade4a71bb62bec25154cfc7e6ff49a513b491e81000000000000000000000497,arbitrum,rETH-WETH-BPT,-5023.330000000001,-100.0,-5752.65,-100.0,-6303.65,-100.0,-7148.9800000000005,-100.0,-9142.77,-100.0,-13262.65,-100.0,-14712.099999999999,-100.0,-10891.28,-100.0,-13483.73,-100.0,-12152.400000000001,-100.0,-8670.62,-100.0,-3094.55,-100.0,-1349.6,-100.0,0.0,0.0,0.0,0.0,0.0,0.0,0.0,0.0,0.0,0.0,0.0,0.0,0.0,0.0,0.0,0.0
0xb08885e6026bab4333a80024ec25a1a3e1ff2b8a000200000000000000000445,mainnet,B-staFiETH-WETH-Stable,290.39959999999974,11.64803940444101,101.35130000000026,2.478990610041563,808.7034999999996,20.710550375308266,-92.13469999999961,-2.150961147867816,249.7536999999993,3.86135654905743,-296.89109999999937,-6.826557922861479,86.42789999999968,2.3502127833145163,-75.82229999999981,-2.231465594622508,-1141.57,-100.0,-387.06,-100.0,0.0,0.0,-461.7978000000003,-7.552527770145627,288.83899999999994,6.259839277354924,-7.285199999999804,-0.3030625743595636,1039.8701000000003,99.07770949454532,-229.7938,-100.0,0.0,0.0,0.0,0.0,59.44360000000006,1.6253135456648824,-882.9223,-100.0,-239.5402,-100.0
0xb1557cfea06de5a1601a7f0ccf3b515ef431a50d000200000000000000000059,zkevm,ECLP-wETH-rETH,0.0,0.0,0.0,0.0,0.0,0.0,0.0,0.0,0.0,0.0,0.0,0.0,0.0,0.0,0.0,0.0,0.0,0.0,0.0,0.0,0.0,0.0,0.0,0.0,0.0,0.0,0.0,0.0,0.0,0.0,0.0,0.0,0.0,0.0,0.0,0.0,0.0,0.0,0.0,0.0,0.0,0.0
0xb26f0e66317846bd5fe0cbaa1d269f0efeb05c9600000000000000000000001e,avalanche,USDC-USDT-BPT,-495.09999999999997,-100.0,-256.79999999999995,-100.0,-162.44,-100.0,-65.32,-100.0,-6.49,-100.0,-27.41,-100.0,-93.38,-100.0,-60.06999999999999,-100.0,-33.72,-100.0,-52.220000000000006,-100.0,-44.19,-100.0,-115.2,-100.0,-196.56,-100.0,-71.08,-100.0,-123.01,-100.0,-67.2354,-100.0,-31.745500000000003,-100.0,-15.0592,-100.0,0.0,0.0,0.0,0.0,0.0,0.0
0xb3b675a9a3cb0df8f66caf08549371bfb76a9867000200000000000000000611,mainnet,ECLP-mevETH-wETH,0.0,0.0,0.0,0.0,0.0,0.0,0.0,0.0,0.0,0.0,-456.37140000000045,-10.272850872256623,-257.35,-100.0,-2.2600000000000002,-100.0,0.0,0.0,-225.97029999999995,-8.147007924547347,-604.2800000000001,-100.0,0.0,0.0,-666.27,-100.0,-446.34000000000003,-100.0,0.0,0.0,0.0,0.0,0.0,0.0,0.0,0.0,0.0,0.0,275.64560000000074,6.366799372609081,0.0,0.0
0xb54e6aadbf1ac1a3ef2a56e358706f0f8e320a0300000000000000000000059f,mainnet,vETH/WETH BPT,0.0,0.0,0.0,0.0,0.0,0.0,0.0,0.0,0.0,0.0,0.0,0.0,0.0,0.0,0.0,0.0,0.0,0.0,0.0,0.0,0.0,0.0,0.0,0.0,0.0,0.0,0.0,0.0,0.0,0.0,0.0,0.0,0.0,0.0,0.0,0.0,0.0,0.0,0.0,0.0,0.0,0.0
0xb61371ab661b1acec81c699854d2f911070c059e000000000000000000000516,arbitrum,ezETH/wstETH,0.0,0.0,0.0,0.0,0.0,0.0,0.0,0.0,0.0,0.0,0.0,0.0,0.0,0.0,0.0,0.0,0.0,0.0,0.0,0.0,0.0,0.0,0.0,0.0,-812.4391999999998,-14.214491293081878,-1638.8210999999992,-11.371794177893978,-4511.657599999999,-42.66697937984436,-5105.8703000000005,-100.0,-3172.2981,-100.0,-3417.3985000000002,-100.0,-3192.4311,-100.0,-7478.0418,-100.0,-3190.348,-100.0
0xb819feef8f0fcdc268afe14162983a69f6bf179e000000000000000000000689,mainnet,sUSDe/USDC,0.0,0.0,0.0,0.0,0.0,0.0,0.0,0.0,0.0,0.0,0.0,0.0,0.0,0.0,0.0,0.0,0.0,0.0,0.0,0.0,0.0,0.0,0.0,0.0,0.0,0.0,0.0,0.0,0.0,0.0,-320.21180000000004,-100.0,-39.63709999999901,-0.8795320795518863,927.7492999999995,6.923316704251602,280.730899999995,0.5803723364896166,-1169.880400000009,-1.901659287051696,-493.7340000000004,-1.600731763833089
0xb91159aa527d4769cb9faf3e4adb760c7e8c8ea700000000000000000000067c,mainnet,ETHx/wstETH,0.0,0.0,0.0,0.0,0.0,0.0,0.0,0.0,0.0,0.0,0.0,0.0,0.0,0.0,0.0,0.0,0.0,0.0,0.0,0.0,0.0,0.0,0.0,0.0,0.0,0.0,0.0,0.0,-0.18000000000000002,-100.0,-38.371399999999994,-100.0,-195.9888,-100.0,-490.24420000000003,-100.0,-713.7555,-100.0,-626.4250999999999,-100.0,-744.8788,-100.0
0xb9debddf1d894c79d2b2d09f819ff9b856fca55200000000000000000000062a,mainnet,weETH-WETH-BPT,0.0,0.0,0.0,0.0,0.0,0.0,0.0,0.0,-85.38,-100.0,-844.5500000000001,-100.0,0.0,0.0,0.0,0.0,0.0,0.0,0.0,0.0,0.0,0.0,0.0,0.0,0.0,0.0,0.0,0.0,0.0,0.0,0.0,0.0,0.0,0.0,0.0,0.0,0.0,0.0,0.0,0.0,0.0,0.0
0xbad20c15a773bf03ab973302f61fabcea5101f0a000000000000000000000034,gnosis,bb-WETH-wstETH,-2.153100000001359,-0.013579814760512258,40.42189999999573,0.25969422795350217,18.462500000001455,0.058351124434468826,-33.56580000000395,-0.06930217173976605,21.627500000009604,0.03733690621329901,8.476100000007136,0.01723805171640676,25.105399999993097,0.06469063398643876,26.075800000005984,0.05711493340483923,-7.628200000006473,-0.02180471910583122,58.604499999994005,0.1587696567343752,-11.868499999982305,-0.016461320300915884,-1.8849000000045635,-0.0028272141523668242,-37.96449999998731,-0.03151342727083096,34.76509999999689,0.07649490842200003,-78.70719999998983,-0.08264095924460876,-4.220600000000559,-0.010905530320365286,158.3876999999993,0.2774561461746868,12.852700000010373,0.021239454285498897,7.906599999994796,0.015731399866961364,94.6221000000005,0.21679870885968175,20.88709999999992,0.04729570394461224
0xc13546b97b9b1b15372368dc06529d7191081f5b00000000000000000000001d,avalanche,ggAVAX-WAVAX-BPT,1012.3011000000006,19.277776402412446,1574.6845999999996,37.947041827220815,2349.9837000000007,37.23554577389471,1891.5394000000015,25.042224693515525,735.1820000000007,9.060403759814557,-300.7428999999993,-2.2424522829187787,4510.421800000002,29.11846945428958,400.0571999999993,4.0845044826132115,18529.989899999993,113.51837246543901,-202.28449999999975,-1.9380383785912243,1863.8063000000002,10.94176018617015,1589.534300000003,8.917823705246358,5208.9797000000035,8.854571468688292,-3102.5957000000017,-9.547905464957118,-83.65599999999904,-0.5786467347020583,-47.69980000000032,-0.3685013035498592,176.47760000000108,2.4576910489098323,6.401799999999639,0.09860343326563348,342.58420000000115,3.6847809934490168,17.53480000000127,0.28605438540732525,40.58459999999923,0.934302002764033
0xc2598280bfea1fe18dfcabd21c7165c40c6859d30000000000000000000004f3,arbitrum,wstETH/sfrxETH,0.0,0.0,0.0,0.0,0.0,0.0,0.0,0.0,0.0,0.0,0.0,0.0,0.0,0.0,0.0,0.0,0.0,0.0,0.0,0.0,-5366.4,-100.0,-9568.7791,-73.61001331611189,-1951.6224000000002,-20.817860742953147,1902.6628,22.303398735408788,461.02689999999984,7.409423079086554,784.7449000000001,20.081052490945687,94.54260000000022,3.0712309781552998,-118.22479999999996,-3.5239892490201505,255.27250000000004,6.761852621929232,607.5875000000005,20.587267617621947,1174.9559000000008,19.08080775289951
0xc757f12694f550d0985ad6e1019c4db4a803f1600002000000000000000004de,arbitrum,50wstETH/50sFRAX,0.0,0.0,0.0,0.0,0.0,0.0,0.0,0.0,0.0,0.0,0.0,0.0,0.0,0.0,-0.05,-100.0,0.0,0.0,0.0,0.0,0.0,0.0,0.0,0.0,0.0,0.0,0.0,0.0,0.0,0.0,0.0,0.0,0.0,0.0,0.0,0.0,0.0,0.0,0.0,0.0,0.0,0.0
0xc771c1a5905420daec317b154eb13e4198ba97d0000000000000000000000023,base,rETH-WETH-BPT,4003.1238000000003,471.3439067467326,4245.7199,179.37438317504308,5570.538699999999,222.97763234263982,4559.6704,685.8916333223021,4089.1742999999997,524.878932573453,4273.2327,477.7444156250698,3228.8671,132.2097877759261,2936.0216,297.02988487141613,1631.1573999999996,72.27296250675693,1943.7602000000006,85.60293657819061,2490.8365000000003,89.4308328635902,394.3253999999997,5.527456076165481,179.34139999999934,2.4057461658468178,174.29739999999765,2.48717366952771,133.45109999999931,2.238293711360598,170.49219999999877,2.823431178945725,33.14339999999993,0.6091115205907078,516.3081000000002,5.540152416075896,-59.28729999999996,-1.3059954817415316,-0.002399999999852298,-6.302075328161005e-05,59.440199999999095,1.073834160385175
0xca8ecd05a289b1fbc2e0eaec07360c4bfec07b6100020000000000000000051d,arbitrum,2CLP-AUSDC-USDC,0.0,0.0,0.0,0.0,0.0,0.0,0.0,0.0,0.0,0.0,0.0,0.0,0.0,0.0,0.0,0.0,0.0,0.0,0.0,0.0,0.0,0.0,0.0,0.0,0.0,0.0,0.0,0.0,0.0,0.0,0.0,0.0,0.0,0.0,0.0,0.0,0.0,0.0,0.0,0.0,0.0,0.0
0xcd78a20c597e367a4e478a2411ceb790604d7c8f000000000000000000000c22,polygon,maticX-WMATIC-BPT,-23.860999999999876,-0.47701011554915596,-96.83509999999842,-0.9096648799358056,24.708300000000236,0.3414366198350909,108.33910000000105,0.5237621460019709,-85.458499999997,-0.42123742266784614,61.260400000002846,0.3222223624857082,97.36549999999261,0.32564507427770845,103.82949999999619,0.4026112663451197,-14.981900000002497,-0.064946425993667,57.5989999999947,0.20624481469689793,-98.01080000000366,-0.29884156769648007,-355.98979999998846,-0.5857757398633433,-18.046799999996438,-0.039046702078164464,-186.88260000000446,-0.31578557835710047,113.16740000000573,0.24234596800669714,3.217799999994895,0.010463527436725885,-9.028799999996409,-0.03283945778114093,-6.278800000000047,-0.02862849301423847,-154.07510000000184,-0.4947514348569079,89.34159999999974,0.39866346161976746,-8.285400000000664,-0.03614006359192863
0xcdcef9765d369954a4a936064535710f7235110a000200000000000000000558,arbitrum,ECLP-weETH-wstETH,0.0,0.0,0.0,0.0,0.0,0.0,0.0,0.0,0.0,0.0,0.0,0.0,0.0,0.0,0.0,0.0,0.0,0.0,0.0,0.0,0.0,0.0,0.0,0.0,0.0,0.0,0.0,0.0,0.0,0.0,0.0,0.0,0.0,0.0,0.0,0.0,0.0,0.0,0.0,0.0,453.0109999999995,10.877408579161589
0xcf7b51ce5755513d4be016b0e28d6edeffa1d52a000200000000000000000617,mainnet,RDNT-WETH,0.0,0.0,0.0,0.0,-34809.13,-100.0,-1158.2066999999988,-5.9326913374089765,899.5059000000037,4.492800827129466,-140.65999999999985,-1.1195327665894352,5026.494499999997,21.900352741370327,-3441.5869999999995,-13.503388415354745,316.9973000000009,3.9163318606811868,174.81379999999945,7.0825284413184875,1142.498300000001,7.492637202359879,493.84799999999814,2.4752523880505657,151.98549999999886,0.7714624058929049,443.3793999999998,4.166277332481369,863.9431000000004,6.738720869102649,262.15090000000055,3.7647258220559094,381.46119999999974,3.3741652691130235,1762.609599999998,12.058282714099816,150.67319999999927,1.480106017623519,-97.72690000000057,-1.870633466964194,423.6895000000004,4.796994527497864
0xd0ec47c54ca5e20aaae4616c25c825c7f48d40690000000000000000000004ef,arbitrum,rETH/wETH BPT,0.0,0.0,0.0,0.0,0.0,0.0,0.0,0.0,0.0,0.0,0.0,0.0,0.0,0.0,0.0,0.0,0.0,0.0,0.0,0.0,-6772.72,-100.0,-10712.498500000002,-75.53135300732929,-2917.1873000000014,-18.20436315029462,1498.055000000002,12.730000484368102,2165.642,22.661502980176802,955.3780000000024,11.554030656062286,-320.6273000000001,-5.557918153397304,275.4479000000001,3.61445742027128,440.6945999999989,7.904127551188396,501.4426999999996,9.73964933294618,325.89180000000033,12.185285308864948
0xd3f8ab9c5928fdf53153e7757131ad7815fe3146000000000000000000000661,mainnet,vETH/wstETH,0.0,0.0,0.0,0.0,0.0,0.0,0.0,0.0,0.0,0.0,0.0,0.0,0.0,0.0,0.0,0.0,0.0,0.0,0.0,0.0,-2969.4,-100.0,-3299.6800000000003,-100.0,-1146.16,-100.0,-717.63,-100.0,-660.2099999999999,-100.0,-755.4734,-100.0,-253.09,-100.0,0.0,0.0,0.0,0.0,0.0,0.0,0.0,0.0
0xdacf5fa19b1f720111609043ac67a9818262850c000000000000000000000635,mainnet,osETH/wETH-BPT,0.0,0.0,0.0,0.0,0.0,0.0,0.0,0.0,0.0,0.0,0.0,0.0,0.0,0.0,0.0,0.0,0.0,0.0,0.0,0.0,-682.9200000000001,-100.0,-446.24000000000007,-100.0,-454.28000000000003,-100.0,-359.09,-100.0,-391.0,-100.0,0.0,0.0,0.0,0.0,0.0,0.0,0.0,0.0,0.0,0.0,0.0,0.0
0xdc31233e09f3bf5bfe5c10da2014677c23b6894c000000000000000000000c23,polygon,wstETH-WETH-BPT,0.0,0.0,0.0,0.0,0.0,0.0,0.0,0.0,0.0,0.0,0.0,0.0,0.0,0.0,0.0,0.0,0.0,0.0,0.0,0.0,0.0,0.0,0.0,0.0,0.0,0.0,0.0,0.0,0.0,0.0,0.0,0.0,0.0,0.0,0.0,0.0,0.0,0.0,0.0,0.0,0.0,0.0
0xdd59f89b5b07b7844d72996fc9d83d81acc8219600000000000000000000059e,mainnet,uniETH-WETH,0.0,0.0,0.0,0.0,0.0,0.0,0.0,0.0,0.0,0.0,0.0,0.0,0.0,0.0,0.0,0.0,0.0,0.0,0.0,0.0,0.0,0.0,0.0,0.0,0.0,0.0,0.0,0.0,212.4675000000002,6.12277097045636,-226.9461,-100.0,0.0,0.0,308.9500999999991,7.1751037103483695,0.0,0.0,0.0,0.0,-474.6689,-100.0
0xdedb11a6a23263469567c2881a9b9f8629ee0041000000000000000000000669,mainnet,svETH/wstETH,0.0,0.0,0.0,0.0,0.0,0.0,0.0,0.0,0.0,0.0,0.0,0.0,0.0,0.0,0.0,0.0,0.0,0.0,0.0,0.0,-44863.73,-100.0,-73854.14,-100.0,-55547.979999999996,-100.0,-54512.95,-100.0,-65588.37,-100.0,-44691.7592,-100.0,-40138.981100000005,-100.0,-45811.93659999999,-100.0,-14239.200600000002,-100.0,-3551.8113,-100.0,-91.2534,-100.0
0xdf725fde6e89981fb30d9bf999841ac2c160b512000000000000000000000010,zkevm,B-wstETH/rETH-STABLE,0.0,0.0,0.0,0.0,-12927.760000000002,-100.0,-447.21,-100.0,-502.12,-100.0,-454.95,-100.0,-247.01,-100.0,-153.4,-100.0,-178.25,-100.0,0.0,0.0,0.0,0.0,0.0,0.0,0.0,0.0,0.0,0.0,0.0,0.0,0.0,0.0,0.0,0.0,0.0,0.0,0.0,0.0,0.0,0.0,0.0,0.0
0xdfa752ca3ff49d4b6dbe08e2d5a111f51773d3950000000000000000000004e8,arbitrum,sFRAX/FRAX,0.0,0.0,0.0,0.0,0.0,0.0,0.0,0.0,0.0,0.0,0.0,0.0,0.0,0.0,0.0,0.0,0.0,0.0,-0.01,-100.0,0.0,0.0,0.0,0.0,0.0,0.0,0.0,0.0,0.0,0.0,0.0,0.0,0.0,0.0,0.0,0.0,0.0,0.0,0.0,0.0,0.0,0.0
0xdfe6e7e18f6cc65fa13c8d8966013d4fda74b6ba000000000000000000000558,mainnet,ankrETH/wstETH,1140.0321000000022,13.040428766375884,1179.8329999999987,5.2336350344759,3266.670900000003,21.476589671001005,1678.2022999999972,6.753788487023854,4327.339,22.987241407153057,-2788.540500000003,-12.724218602414226,713.6265999999996,3.7146847424595104,119.48439999999755,0.5286127434866963,593.0912999999982,3.7142374929938105,-194.3011000000006,-1.469945718987011,1297.2520999999942,5.799770647328887,-317.5672999999988,-1.547361394327863,-1379.8817999999992,-7.756890592053223,4199.195500000002,34.52820096631706,-3407.3143999999993,-22.62348748021374,565.8148000000001,6.1353254525559775,-417.72239999999965,-5.591497588596854,2075.400999999998,22.055552952499465,-1020.7251000000006,-11.342274823461512,34.785499999999956,0.4813138282526196,-62.61899999999969,-1.1121845744356276
0xe1f2c039a68a216de6dd427be6c60decf405762a00000000000000000000000e,zkevm,B-wstETH-STABLE,0.0,0.0,0.0,0.0,-13292.009999999998,-100.0,-1516.35,-100.0,-1422.57,-100.0,-1570.3,-100.0,-1923.51,-100.0,-967.59,-100.0,-588.26,-100.0,0.0,0.0,0.0,0.0,0.0,0.0,0.0,0.0,0.0,0.0,0.0,0.0,0.0,0.0,0.0,0.0,0.0,0.0,0.0,0.0,0.0,0.0,0.0,0.0
0xe3e0022d25194431a98e8bf5034d2617c96e1d44000000000000000000000670,mainnet,InstETH/wstETH,0.0,0.0,0.0,0.0,0.0,0.0,0.0,0.0,0.0,0.0,0.0,0.0,0.0,0.0,0.0,0.0,0.0,0.0,0.0,0.0,0.0,0.0,0.0,0.0,-1.35,-100.0,-59.36000000000001,-100.0,-109.81,-100.0,0.0,0.0,0.0,0.0,-274.3692,-100.0,0.0,0.0,0.0,0.0,0.0,0.0
0xe7e2c68d3b13d905bbb636709cf4dfd21076b9d20000000000000000000005ca,mainnet,swETH-WETH-BPT,1989.6823999999997,26.566717138134255,-1156.2771000000012,-10.714871104859188,1263.0852999999997,18.292169800117588,577.8960999999999,6.955756803243072,-43.98869999999988,-0.5990644023478445,336.76450000000114,4.7991976742529125,-300.02469999999994,-11.107336161768732,429.6545000000001,14.69512174266962,-1259.87,-100.0,-209.0311999999999,-7.91383161577078,-1024.03,-100.0,-766.0600000000001,-100.0,-1019.96,-100.0,-890.74,-100.0,-811.01,-100.0,-753.7197,-100.0,-929.6996000000001,-100.0,-529.5481,-100.0,-996.9335,-100.0,-672.4566,-100.0,-576.8368,-100.0
0xe8a6026365254f779b6927f00f8724ea1b8ae5e0000000000000000000000580,arbitrum,gUSDC/USDC,0.0,0.0,0.0,0.0,0.0,0.0,0.0,0.0,0.0,0.0,0.0,0.0,0.0,0.0,0.0,0.0,0.0,0.0,0.0,0.0,0.0,0.0,0.0,0.0,0.0,0.0,0.0,0.0,0.0,0.0,0.0,0.0,0.0,0.0,0.0,0.0,0.0,0.0,0.0,0.0,-4994.351199999999,-100.0
0xed0df9cd16d806e8a523805e53cf0c56e6db4d1d000000000000000000000687,mainnet,ShezUSD/sDAI,0.0,0.0,0.0,0.0,0.0,0.0,0.0,0.0,0.0,0.0,0.0,0.0,0.0,0.0,0.0,0.0,0.0,0.0,0.0,0.0,0.0,0.0,0.0,0.0,0.0,0.0,-0.05,-100.0,-106.22999999999999,-100.0,-106.82850000000002,-100.0,0.0,0.0,0.0,0.0,0.0,0.0,0.0,0.0,-740.8188,-100.0
0xee278d943584dd8640eaf4cc6c7a5c80c0073e85000200000000000000000bc7,polygon,ECLP-WMATIC-MATICX,-753.53,-100.0,194.19959999999992,4.326420403280242,-172.83179999999993,-7.061507158266324,24.875200000000405,0.3820294778486178,-90.34149999999863,-1.100375636718838,74.58990000000085,1.017089693277311,70.18539999999848,0.620163025469955,-23.204000000000633,-0.45482075898852425,-21.40810000000056,-0.40755829781240294,18.763500000000022,0.2296198395653214,59.46010000000206,0.6357247635013992,-80.88550000000032,-0.4614587219923091,-107.9385000000002,-1.034746055179556,71.47279999999955,0.6659734180140247,-56.14769999999953,-1.41482005977008,-765.9529,-100.0,-608.2002,-100.0,-237.50250000000003,-100.0,0.0,0.0,0.0,0.0,0.0,0.0
0xef0c116a2818a5b1a5d836a291856a321f43c2fb00020000000000000000053a,arbitrum,ECLP-WOETH-WETH,0.0,0.0,0.0,0.0,0.0,0.0,0.0,0.0,0.0,0.0,0.0,0.0,0.0,0.0,0.0,0.0,0.0,0.0,0.0,0.0,0.0,0.0,0.0,0.0,0.0,0.0,0.0,0.0,0.0,0.0,0.0,0.0,0.0,0.0,-54.9248,-100.0,-746.4424,-100.0,1258.2096999999999,104.45068387607506,-1154.9788,-100.0
0xf01b0684c98cd7ada480bfdf6e43876422fa1fc10002000000000000000005de,mainnet,ECLP-wstETH-wETH,450.4307000000008,11.32227576308297,746.2609000000011,6.269703805455097,3284.2441,23.920692483167898,5058.690000000002,34.28046923547634,-3370.4817000000003,-15.834183418200883,-346.2014999999992,-2.036564468280729,530.0597999999991,3.1838961085766226,-330.21120000000155,-1.5704764251043297,-39.15949999999975,-0.26868023898849624,-82.68620000000192,-0.7178157397166968,682.0018999999993,5.7350506482607315,708.8480000000018,3.396072742325107,677.4540000000015,4.418196509942117,2694.9071000000004,23.209188744145834,-1320.164200000003,-6.782793166466562,2137.8358999999946,9.71158763516057,-663.4081000000006,-5.000218502509075,1476.4126000000033,8.075685527765932,3952.9347999999973,28.059057133548027,-3634.5547000000006,-17.798574402903057,1060.6734000000001,46.099316333514295
0xf0ad209e2e969eaaa8c882aac71f02d8a047d5c2000200000000000000000b49,polygon,ECLP-WMATIC-stMATIC,26.613600000000588,0.3783995905135726,-41.02850000000035,-0.26915530166111135,132.40740000000005,0.9893996682259056,-83.35350000000108,-0.43110921009214065,140.08499999999913,0.6697107266541816,-104.18950000000041,-0.5437888049636971,-128.15010000000257,-0.48711086277283344,-52.87030000000232,-0.4455556351470553,8.014999999999418,0.07079825808901605,-47.45039999999972,-1.195061628896818,20.880699999999706,0.6380403528660346,310.3611000000001,5.757556812911605,89.03869999999733,0.5149704512303447,187.70380000000296,1.0564713894540902,-25.412900000001173,-0.2656996901046908,-65.66760000000068,-1.115407084790728,-2.0346999999992477,-0.041872845378468054,28.073999999999614,0.5025669600121218,31.533800000001065,0.5713924142655173,-17.097299999999905,-0.4880342088936417,4.538700000000517,0.17831668063424425
0xf16aee6a71af1a9bc8f56975a4c2705ca7a782bc0002000000000000000004bb,mainnet,20WETH-80ALCX,629.702299999999,9.890933108823411,825.9763000000003,6.928779166089953,1932.6772,18.75994040079013,3333.8804,25.5846572499881,951.6687999999995,2.710971919711351,347.6941000000006,4.855635607481474,11253.848999999987,7.572945420698769,-333.3102999999901,-0.899067243188394,-271.6298000000006,-2.0070860986851966,-87.82170000000224,-0.6641375680421724,3896.6166999999987,12.483014606595786,881.9104000000007,3.172978729528252,360.1023999999961,1.6966482821138187,14666.431200000006,22.163548457195816,-111.5341000000044,-0.525899342991855,128.02840000000015,1.7232086165868516,30.07470000000012,0.3749131987815982,647.7546000000038,3.3606352462914075,-145.85099999999966,-2.4501419686685963,-140.20269999999982,-1.6390014128457828,-70.64100000000008,-2.754368189088602
0xf7a826d47c8e02835d94fb0aa40f0cc9505cb1340002000000000000000005e0,mainnet,ECLP-wstETH-cbETH,343.74990000000025,12.807516477456913,517.1255000000001,5.74903918736986,3320.6743000000006,24.453492936069313,2448.2676999999985,15.550303032612675,2610.074499999997,21.715821229812533,-2896.8202,-21.032296053204774,629.7048000000013,4.000968307006701,102.82719999999972,0.8819427111878436,151.04109999999991,3.816241141023533,3349.0426000000007,27.48029345855895,516.4354000000003,5.943560759075569,861.1346000000012,7.171454245195428,306.73559999999816,3.4695653649294242,7504.289199999999,853.1673298619795,-6635.389999999999,-100.0,837.1071000000011,9.796697374193743,-1012.1887,-100.0,524.227499999999,7.518649956519026,210.51560000000154,3.0262376783033713,-41.640700000000834,-0.6470638820016618,224.54699999999957,5.290589168399443
0xfb2f7ed572589940e24c5711c002adc59d5e79ef000000000000000000000535,arbitrum,jitoSOL/wSOL,0.0,0.0,0.0,0.0,0.0,0.0,0.0,0.0,0.0,0.0,0.0,0.0,0.0,0.0,0.0,0.0,0.0,0.0,0.0,0.0,0.0,0.0,0.0,0.0,0.0,0.0,0.0,0.0,0.0,0.0,-188.848,-100.0,-642.7172,-100.0,-206.97809999999998,-100.0,0.0,0.0,0.0,0.0,0.0,0.0
0xfb4c2e6e6e27b5b4a07a36360c89ede29bb3c9b6000000000000000000000026,base,cbETH/WETH,-11297.68,-100.0,-8555.23,-100.0,-14641.32,-100.0,-10100.869999999999,-100.0,-7297.85,-100.0,-5624.129999999999,-100.0,-4318.51,-100.0,-3662.1000000000004,-100.0,-1987.02,-100.0,-2426.41,-100.0,-3284.0899999999997,-100.0,-603.11,-100.0,-417.74,-100.0,-341.0,-100.0,-198.77,-100.0,-363.2269,-100.0,-154.6488,-100.0,-277.8226,-100.0,-188.38,-100.0,-328.69939999999997,-100.0,-446.27779999999996,-100.0
0xfd2620c9cfcec7d152467633b3b0ca338d3d78cc00000000000000000000001c,avalanche,sAVAX-WAVAX-BPT,4331.284499999998,34.16232862774419,3451.206699999999,35.751611108751504,3381.7815999999984,26.088276951655644,2869.5862000000016,15.962932841433522,1410.2897000000048,8.28513880925304,-1038.5874000000003,-3.251507432912193,12579.973899999997,32.50511581974041,784.2966000000051,2.856310532522331,28427.250799999994,117.84434999218576,891.6631000000052,2.574485009507843,1615.5278999999937,7.356707876573347,859.7270999999964,3.3660364046680455,-2187.9277,-2.4654870551454606,3123.7571999999927,6.711793305389689,452.2381999999998,1.2956184178861596,688.5937000000049,2.085731952071431,114.76650000000518,0.3561119211643554,676.398000000001,1.8711149733231742,102.10339999999269,0.2824291314028139,91.83309999999983,0.30754135709745656,113.6862000000001,0.47324506256817767
0xff42a9af956617e4c3532ef2fc7567465efe4909000200000000000000000672,mainnet,50KEP/50rsETH,0.0,0.0,0.0,0.0,0.0,0.0,0.0,0.0,0.0,0.0,0.0,0.0,0.0,0.0,0.0,0.0,0.0,0.0,0.0,0.0,0.0,0.0,-3189.1400000000003,-100.0,-199.92259999999987,-7.925919465269046,-373.77160000000003,-13.485575327243076,-128.59169999999904,-3.6327801884873288,936.8748,24.6011946907256,-91.4717,-100.0,-117.82939999999999,-100.0,0.0,0.0,-124.99629999999999,-100.0,-365.1191,-100.0
